{"cameraMode":{"drawMode":0,"name":"Shaded","section":"Shading Mode"},"sceneLighting":false,"audioPlay":false,"sceneViewState":{"showFog":true,"showMaterialUpdate":false,"showSkybox":true,"showFlares":true,"showImageEffects":true,"showParticleSystems":true},"in2DMode":false,"pivot":{"x":109.69193267822266,"y":1.1643955707550049,"z":-3.179311752319336},"rotation":{"x":-0.039847031235694888,"y":-0.7176761627197266,"z":0.04120130464434624,"w":-0.6940141320228577},"size":4.722251892089844,"orthographic":false}