{"cameraMode":{"drawMode":0,"name":"Shaded","section":"Shading Mode"},"sceneLighting":true,"audioPlay":false,"sceneViewState":{"showFog":true,"showMaterialUpdate":false,"showSkybox":true,"showFlares":true,"showImageEffects":true,"showParticleSystems":true},"in2DMode":false,"pivot":{"x":-75.67300415039063,"y":2.676957845687866,"z":54.24861145019531},"rotation":{"x":-0.0010422246996313334,"y":-0.4604482650756836,"z":-0.0005393480532802641,"w":0.8876858353614807},"size":97.47852325439453,"orthographic":false}