{"cameraMode":{"drawMode":0,"name":"Shaded","section":"Shading Mode"},"sceneLighting":false,"audioPlay":false,"sceneViewState":{"showFog":true,"showMaterialUpdate":false,"showSkybox":true,"showFlares":true,"showImageEffects":true,"showParticleSystems":true},"in2DMode":false,"pivot":{"x":104.53382873535156,"y":0.8566228151321411,"z":-5.635165691375732},"rotation":{"x":-0.039847031235694888,"y":-0.7176761627197266,"z":0.04120130464434624,"w":-0.6940141320228577},"size":4.708538055419922,"orthographic":false}