{"cameraMode":{"drawMode":0,"name":"Shaded","section":"Shading Mode"},"sceneLighting":false,"audioPlay":false,"sceneViewState":{"showFog":true,"showMaterialUpdate":false,"showSkybox":true,"showFlares":true,"showImageEffects":true,"showParticleSystems":true},"in2DMode":false,"pivot":{"x":-1.1920928955078126e-7,"y":0.8643996119499207,"z":-0.0655137300491333},"rotation":{"x":-0.013822490349411965,"y":-0.985206663608551,"z":0.09670551866292954,"w":-0.1408008486032486},"size":4.7222514152526859,"orthographic":false}