{"cameraMode":{"drawMode":0,"name":"Shaded","section":"Shading Mode"},"sceneLighting":false,"audioPlay":false,"sceneViewState":{"showFog":true,"showMaterialUpdate":false,"showSkybox":true,"showFlares":true,"showImageEffects":true,"showParticleSystems":true},"in2DMode":false,"pivot":{"x":103.49162292480469,"y":0.890404462814331,"z":-7.2717108726501469},"rotation":{"x":-0.039847031235694888,"y":-0.7176761627197266,"z":0.04120130464434624,"w":-0.6940141320228577},"size":4.79286527633667,"orthographic":false}