{"cameraMode":{"drawMode":0,"name":"Shaded","section":"Shading Mode"},"sceneLighting":false,"audioPlay":false,"sceneViewState":{"showFog":true,"showMaterialUpdate":false,"showSkybox":true,"showFlares":true,"showImageEffects":true,"showParticleSystems":true},"in2DMode":false,"pivot":{"x":108.68998718261719,"y":0.8618578910827637,"z":-5.616563320159912},"rotation":{"x":-0.039847031235694888,"y":-0.7176761627197266,"z":0.04120130464434624,"w":-0.6940141320228577},"size":4.697784900665283,"orthographic":false}