{"cameraMode":{"drawMode":0,"name":"Shaded","section":"Shading Mode"},"sceneLighting":false,"audioPlay":false,"sceneViewState":{"showFog":true,"showMaterialUpdate":false,"showSkybox":true,"showFlares":true,"showImageEffects":true,"showParticleSystems":true},"in2DMode":false,"pivot":{"x":0.0,"y":0.8579421043395996,"z":-0.05736660957336426},"rotation":{"x":-0.013822490349411965,"y":-0.985206663608551,"z":0.09670551866292954,"w":-0.1408008486032486},"size":4.682795524597168,"orthographic":false}